Date,Prime-Age LFPR
"January 1, 1995",83.50%
"February 1, 1995",83.60%
"March 1, 1995",83.50%
"April 1, 1995",83.70%
"May 1, 1995",83.50%
"June 1, 1995",83.30%
"July 1, 1995",83.40%
"August 1, 1995",83.30%
"September 1, 1995",83.50%
"October 1, 1995",83.40%
"November 1, 1995",83.50%
"December 1, 1995",83.40%
"January 1, 1996",83.50%
"February 1, 1996",83.50%
"March 1, 1996",83.50%
"April 1, 1996",83.60%
"May 1, 1996",83.70%
"June 1, 1996",83.60%
"July 1, 1996",83.90%
"August 1, 1996",84.00%
"September 1, 1996",83.90%
"October 1, 1996",84.10%
"November 1, 1996",84.10%
"December 1, 1996",84.10%
"January 1, 1997",84.00%
"February 1, 1997",83.90%
"March 1, 1997",84.00%
"April 1, 1997",84.00%
"May 1, 1997",83.80%
"June 1, 1997",84.10%
"July 1, 1997",84.30%
"August 1, 1997",84.50%
"September 1, 1997",84.30%
"October 1, 1997",84.20%
"November 1, 1997",84.00%
"December 1, 1997",84.10%
"January 1, 1998",84.00%
"February 1, 1998",84.10%
"March 1, 1998",84.20%
"April 1, 1998",83.90%
"May 1, 1998",83.90%
"June 1, 1998",84.00%
"July 1, 1998",84.10%
"August 1, 1998",84.10%
"September 1, 1998",84.20%
"October 1, 1998",84.10%
"November 1, 1998",84.10%
"December 1, 1998",84.20%
"January 1, 1999",84.60%
"February 1, 1999",84.40%
"March 1, 1999",84.00%
"April 1, 1999",84.10%
"May 1, 1999",84.10%
"June 1, 1999",84.10%
"July 1, 1999",83.90%
"August 1, 1999",84.00%
"September 1, 1999",84.00%
"October 1, 1999",84.10%
"November 1, 1999",84.20%
"December 1, 1999",84.00%
"January 1, 2000",84.40%
"February 1, 2000",84.40%
"March 1, 2000",84.30%
"April 1, 2000",84.40%
"May 1, 2000",84.10%
"June 1, 2000",84.10%
"July 1, 2000",83.90%
"August 1, 2000",83.80%
"September 1, 2000",83.70%
"October 1, 2000",83.60%
"November 1, 2000",83.80%
"December 1, 2000",83.90%
"January 1, 2025",84.10%
"February 1, 2025",84.10%
"March 1, 2025",84.10%
"April 1, 2025",83.70%
"May 1, 2025",83.80%
"June 1, 2025",83.60%
"July 1, 2025",83.60%
"August 1, 2025",83.50%
"September 1, 2025",83.50%
"October 1, 2025",83.60%
"November 1, 2025",83.50%
"December 1, 2025",83.70%
"January 2, 2025",83.50%
"February 2, 2025",83.70%
"March 2, 2025",83.50%
"April 2, 2025",83.60%
"May 2, 2025",83.60%
"June 2, 2025",83.20%
"July 2, 2025",83.10%
"August 2, 2025",83.20%
"September 2, 2025",83.30%
"October 2, 2025",83.20%
"November 2, 2025",82.90%
"December 2, 2025",83.10%
"January 3, 2025",82.90%
"February 3, 2025",83.00%
"March 3, 2025",83.10%
"April 3, 2025",83.20%
"May 3, 2025",83.10%
"June 3, 2025",83.30%
"July 3, 2025",83.00%
"August 3, 2025",83.00%
"September 3, 2025",82.80%
"October 3, 2025",82.90%
"November 3, 2025",82.80%
"December 3, 2025",82.80%
"January 4, 2025",82.80%
"February 4, 2025",82.70%
"March 4, 2025",82.80%
"April 4, 2025",82.70%
"May 4, 2025",82.80%
"June 4, 2025",82.90%
"July 4, 2025",83.00%
"August 4, 2025",82.70%
"September 4, 2025",82.70%
"October 4, 2025",82.60%
"November 4, 2025",82.70%
"December 4, 2025",82.60%
"January 5, 2025",82.70%
"February 5, 2025",82.80%
"March 5, 2025",82.60%
"April 5, 2025",82.70%
"May 5, 2025",82.90%
"June 5, 2025",82.60%
"July 5, 2025",82.80%
"August 5, 2025",82.90%
"September 5, 2025",82.90%
"October 5, 2025",82.70%
"November 5, 2025",82.70%
"December 5, 2025",82.70%
"January 6, 2025",82.80%
"February 6, 2025",82.90%
"March 6, 2025",83.00%
"April 6, 2025",82.80%
"May 6, 2025",82.80%
"June 6, 2025",82.80%
"July 6, 2025",83.00%
"August 6, 2025",82.90%
"September 6, 2025",82.90%
"October 6, 2025",82.90%
"November 6, 2025",83.00%
"December 6, 2025",83.10%
"January 7, 2025",83.40%
"February 7, 2025",83.20%
"March 7, 2025",83.20%
"April 7, 2025",83.00%
"May 7, 2025",83.00%
"June 7, 2025",82.90%
"July 7, 2025",82.90%
"August 7, 2025",82.90%
"September 7, 2025",82.80%
"October 7, 2025",82.70%
"November 7, 2025",82.90%
"December 7, 2025",83.10%
"January 8, 2025",83.30%
"February 8, 2025",83.20%
"March 8, 2025",83.30%
"April 8, 2025",83.10%
"May 8, 2025",83.10%
"June 8, 2025",83.10%
"July 8, 2025",83.10%
"August 8, 2025",83.20%
"September 8, 2025",83.10%
"October 8, 2025",83.00%
"November 8, 2025",83.00%
"December 8, 2025",82.80%
"January 9, 2025",82.80%
"February 9, 2025",82.80%
"March 9, 2025",82.60%
"April 9, 2025",82.80%
"May 9, 2025",82.90%
"June 9, 2025",82.90%
"July 9, 2025",82.80%
"August 9, 2025",82.80%
"September 9, 2025",82.50%
"October 9, 2025",82.50%
"November 9, 2025",82.40%
"December 9, 2025",82.00%
"January 10, 2025",82.40%
"February 10, 2025",82.30%
"March 10, 2025",82.40%
"April 10, 2025",82.60%
"May 10, 2025",82.30%
"June 10, 2025",82.20%
"July 10, 2025",81.90%
"August 10, 2025",82.00%
"September 10, 2025",82.00%
"October 10, 2025",81.80%
"November 10, 2025",82.00%
"December 10, 2025",81.90%
"January 11, 2025",81.70%
"February 11, 2025",81.60%
"March 11, 2025",81.70%
"April 11, 2025",81.70%
"May 11, 2025",81.70%
"June 11, 2025",81.70%
"July 11, 2025",81.40%
"August 11, 2025",81.60%
"September 11, 2025",81.50%
"October 11, 2025",81.30%
"November 11, 2025",81.50%
"December 11, 2025",81.60%
"January 12, 2025",81.50%
"February 12, 2025",81.50%
"March 12, 2025",81.50%
"April 12, 2025",81.40%
"May 12, 2025",81.40%
"June 12, 2025",81.50%
"July 12, 2025",81.40%
"August 12, 2025",81.40%
"September 12, 2025",81.50%
"October 12, 2025",81.60%
"November 12, 2025",81.20%
"December 12, 2025",81.40%
"January 13, 2025",81.10%
"February 13, 2025",81.00%
"March 13, 2025",81.00%
"April 13, 2025",81.00%
"May 13, 2025",81.20%
"June 13, 2025",81.20%
"July 13, 2025",81.20%
"August 13, 2025",81.00%
"September 13, 2025",81.00%
"October 13, 2025",80.60%
"November 13, 2025",81.00%
"December 13, 2025",80.80%
"January 14, 2025",80.90%
"February 14, 2025",81.10%
"March 14, 2025",81.10%
"April 14, 2025",80.80%
"May 14, 2025",80.70%
"June 14, 2025",81.00%
"July 14, 2025",80.80%
"August 14, 2025",81.10%
"September 14, 2025",80.80%
"October 14, 2025",80.90%
"November 14, 2025",80.90%
"December 14, 2025",80.90%
"January 15, 2025",81.00%
"February 15, 2025",80.90%
"March 15, 2025",80.80%
"April 15, 2025",81.00%
"May 15, 2025",81.10%
"June 15, 2025",80.90%
"July 15, 2025",80.70%
"August 15, 2025",80.70%
"September 15, 2025",80.60%
"October 15, 2025",80.80%
"November 15, 2025",80.90%
"December 15, 2025",80.90%
"January 16, 2025",81.10%
"February 16, 2025",81.10%
"March 16, 2025",81.30%
"April 16, 2025",81.20%
"May 16, 2025",81.20%
"June 16, 2025",81.30%
"July 16, 2025",81.30%
"August 16, 2025",81.40%
"September 16, 2025",81.50%
"October 16, 2025",81.50%
"November 16, 2025",81.40%
"December 16, 2025",81.30%
"January 17, 2025",81.50%
"February 17, 2025",81.60%
"March 17, 2025",81.60%
"April 17, 2025",81.70%
"May 17, 2025",81.70%
"June 17, 2025",81.60%
"July 17, 2025",81.80%
"August 17, 2025",81.60%
"September 17, 2025",81.90%
"October 17, 2025",81.60%
"November 17, 2025",81.70%
"December 17, 2025",81.80%
"January 18, 2025",81.70%
"February 18, 2025",82.10%
"March 18, 2025",82.00%
"April 18, 2025",82.00%
"May 18, 2025",81.90%
"June 18, 2025",82.10%
"July 18, 2025",82.10%
"August 18, 2025",81.90%
"September 18, 2025",81.90%
"October 18, 2025",82.30%
"November 18, 2025",82.20%
"December 18, 2025",82.30%
"January 19, 2025",82.50%
"February 19, 2025",82.50%
"March 19, 2025",82.40%
"April 19, 2025",82.20%
"May 19, 2025",82.20%
"June 19, 2025",82.20%
"July 19, 2025",82.10%
"August 19, 2025",82.50%
"September 19, 2025",82.70%
"October 19, 2025",82.80%
"November 19, 2025",82.90%
"December 19, 2025",83.00%
"January 20, 2025",83.10%
"February 20, 2025",82.90%
"March 20, 2025",82.40%
"April 20, 2025",79.80%
"May 20, 2025",80.60%
"June 20, 2025",81.40%
"July 20, 2025",81.20%
"August 20, 2025",81.30%
"September 20, 2025",80.90%
"October 20, 2025",81.30%
"November 20, 2025",81.00%
"December 20, 2025",81.10%
"January 21, 2025",81.10%
"February 21, 2025",81.10%
"March 21, 2025",81.30%
"April 21, 2025",81.30%
"May 21, 2025",81.30%
"June 21, 2025",81.60%
"July 21, 2025",81.80%
"August 21, 2025",81.70%
"September 21, 2025",81.60%
"October 21, 2025",81.80%
"November 21, 2025",82.00%
"December 21, 2025",82.00%
"January 22, 2025",82.10%
"February 22, 2025",82.20%
"March 22, 2025",82.50%
"April 22, 2025",82.40%
"May 22, 2025",82.60%
"June 22, 2025",82.30%
"July 22, 2025",82.30%
"August 22, 2025",82.80%
"September 22, 2025",82.60%
"October 22, 2025",82.60%
"November 22, 2025",82.40%
"December 22, 2025",82.60%
"January 23, 2025",82.80%
"February 23, 2025",83.00%
"March 23, 2025",83.10%
"April 23, 2025",83.30%
"May 23, 2025",83.40%
"June 23, 2025",83.40%
"July 23, 2025",83.40%
"August 23, 2025",83.50%
"September 23, 2025",83.50%
"October 23, 2025",83.40%
"November 23, 2025",83.40%
"December 23, 2025",83.20%
"January 24, 2025",83.30%
"February 24, 2025",83.50%
"March 24, 2025",83.40%
"April 24, 2025",83.50%
"May 24, 2025",83.60%
"June 24, 2025",83.70%
"July 24, 2025",83.90%
"August 24, 2025",83.90%
"September 24, 2025",83.80%
"October 24, 2025",83.50%
"November 24, 2025",83.50%
"December 24, 2025",83.40%
"January 25, 2025",83.50%
"February 25, 2025",83.50%
"March 25, 2025",83.30%
"April 25, 2025",83.60%
"May 25, 2025",83.40%
"June 25, 2025",83.50%
"July 25, 2025",83.40%
"August 25, 2025",83.7
