MSA,Metric,Total,Occupied,Vacant
"Abilene, TX",Estimate,"76,313","65,753","10,560"
"Abilene, TX",Margin of Error,"1,033","2,266","2,306"
"Aguadilla-Isabela, PR",Estimate,"150,063","115,856","34,207"
"Aguadilla-Isabela, PR",Margin of Error,"2,253","2,537","2,463"
"Akron, OH",Estimate,"318,589","294,908","23,681"
"Akron, OH",Margin of Error,191,"3,044","3,055"
"Albany, GA",Estimate,"67,617","57,664","9,953"
"Albany, GA",Margin of Error,853,"1,801","1,689"
"Albany-Lebanon, OR",Estimate,"53,520","51,267","2,253"
"Albany-Lebanon, OR",Margin of Error,39,"1,073","1,077"
"Albany-Schenectady-Troy, NY",Estimate,"422,241","379,968","42,273"
"Albany-Schenectady-Troy, NY",Margin of Error,324,"3,618","3,717"
"Albuquerque, NM",Estimate,"402,494","379,471","23,023"
"Albuquerque, NM",Margin of Error,"1,076","2,816","2,766"
"Alexandria, LA",Estimate,"67,735","55,261","12,474"
"Alexandria, LA",Margin of Error,186,"2,088","2,065"
"Allentown-Bethlehem-Easton, PA-NJ",Estimate,"362,101","338,114","23,987"
"Allentown-Bethlehem-Easton, PA-NJ",Margin of Error,360,"3,536","3,523"
"Altoona, PA",Estimate,"55,868","52,260","3,608"
"Altoona, PA",Margin of Error,134,"1,023","1,015"
"Amarillo, TX",Estimate,"115,452","100,975","14,477"
"Amarillo, TX",Margin of Error,764,"2,635","2,523"
"Ames, IA",Estimate,"53,983","50,987","2,996"
"Ames, IA",Margin of Error,172,"1,149","1,130"
"Anchorage, AK",Estimate,"172,049","149,798","22,251"
"Anchorage, AK",Margin of Error,215,"2,419","2,417"
"Ann Arbor, MI",Estimate,"159,289","150,945","8,344"
"Ann Arbor, MI",Margin of Error,237,"1,814","1,803"
"Anniston-Oxford, AL",Estimate,"53,408","45,701","7,707"
"Anniston-Oxford, AL",Margin of Error,87,"1,562","1,573"
"Appleton, WI",Estimate,"103,245","100,640","2,605"
"Appleton, WI",Margin of Error,73,891,904
"Arecibo, PR",Estimate,"84,315","66,631","17,684"
"Arecibo, PR",Margin of Error,"2,004","2,360","1,887"
"Asheville, NC",Estimate,"239,988","190,656","49,332"
"Asheville, NC",Margin of Error,"1,042","3,652","3,669"
"Athens-Clarke County, GA",Estimate,"92,303","85,600","6,703"
"Athens-Clarke County, GA",Margin of Error,"1,048","1,869","1,617"
"Atlanta-Sandy Springs-Alpharetta, GA",Estimate,"2,488,662","2,311,639","177,023"
"Atlanta-Sandy Springs-Alpharetta, GA",Margin of Error,"2,065","7,916","7,577"
"Atlantic City-Hammonton, NJ",Estimate,"132,154","106,972","25,182"
"Atlantic City-Hammonton, NJ",Margin of Error,276,"2,499","2,487"
"Auburn-Opelika, AL",Estimate,"79,626","71,830","7,796"
"Auburn-Opelika, AL",Margin of Error,99,"1,665","1,678"
"Augusta-Richmond County, GA-SC",Estimate,"272,169","232,374","39,795"
"Augusta-Richmond County, GA-SC",Margin of Error,"1,481","4,089","4,161"
"Austin-Round Rock-Georgetown, TX",Estimate,"1,048,041","1,000,103","47,938"
"Austin-Round Rock-Georgetown, TX",Margin of Error,376,"4,110","4,113"
"Bakersfield, CA",Estimate,"306,201","283,510","22,691"
"Bakersfield, CA",Margin of Error,245,"3,021","3,072"
"Baltimore-Columbia-Towson, MD",Estimate,"1,201,057","1,126,216","74,841"
"Baltimore-Columbia-Towson, MD",Margin of Error,347,"5,565","5,566"
"Bangor, ME",Estimate,"75,643","65,940","9,703"
"Bangor, ME",Margin of Error,131,"1,524","1,542"
"Barnstable Town, MA",Estimate,"166,131","107,187","58,944"
"Barnstable Town, MA",Margin of Error,36,"4,105","4,108"
"Baton Rouge, LA",Estimate,"384,601","337,685","46,916"
"Baton Rouge, LA",Margin of Error,849,"4,140","4,125"
"Battle Creek, MI",Estimate,"59,618","53,388","6,230"
"Battle Creek, MI",Margin of Error,46,"1,381","1,379"
"Bay City, MI",Estimate,"48,683","44,664","4,019"
"Bay City, MI",Margin of Error,29,"1,368","1,366"
"Beaumont-Port Arthur, TX",Estimate,"173,263","152,263","21,000"
"Beaumont-Port Arthur, TX",Margin of Error,165,"2,871","2,856"
"Beckley, WV",Estimate,"53,704","44,109","9,595"
"Beckley, WV",Margin of Error,99,"1,689","1,724"
"Bellingham, WA",Estimate,"103,719","94,813","8,906"
"Bellingham, WA",Margin of Error,126,"1,621","1,628"
"Bend, OR",Estimate,"99,639","85,108","14,531"
"Bend, OR",Margin of Error,46,"2,443","2,443"
"Billings, MT",Estimate,"85,506","79,190","6,316"
"Billings, MT",Margin of Error,165,"1,650","1,645"
"Binghamton, NY",Estimate,"115,255","102,017","13,238"
"Binghamton, NY",Margin of Error,199,"2,146","2,138"
"Birmingham-Hoover, AL",Estimate,"497,126","443,821","53,305"
"Birmingham-Hoover, AL",Margin of Error,929,"3,558","3,477"
"Bismarck, ND",Estimate,"60,171","56,463","3,708"
"Bismarck, ND",Margin of Error,242,"1,357","1,366"
"Blacksburg-Christiansburg, VA",Estimate,"74,986","62,348","12,638"
"Blacksburg-Christiansburg, VA",Margin of Error,"1,522","2,388","2,125"
"Bloomington, IL",Estimate,"75,294","68,879","6,415"
"Bloomington, IL",Margin of Error,70,"1,253","1,256"
"Bloomington, IN",Estimate,"76,389","68,801","7,588"
"Bloomington, IN",Margin of Error,695,"2,035","1,953"
"Bloomsburg-Berwick, PA",Estimate,"37,959","34,895","3,064"
"Bloomsburg-Berwick, PA",Margin of Error,102,831,842
"Boise City, ID",Estimate,"319,494","302,858","16,636"
"Boise City, ID",Margin of Error,"1,522","2,929","2,679"
"Boston-Cambridge-Newton, MA-NH",Estimate,"2,064,220","1,948,354","115,866"
"Boston-Cambridge-Newton, MA-NH",Margin of Error,545,"6,735","6,778"
"Boulder, CO",Estimate,"144,419","137,786","6,633"
"Boulder, CO",Margin of Error,122,"1,436","1,424"
"Bowling Green, KY",Estimate,"80,690","72,037","8,653"
"Bowling Green, KY",Margin of Error,"1,428","2,156","2,112"
"Bremerton-Silverdale-Port Orchard, WA",Estimate,"117,020","109,245","7,775"
"Bremerton-Silverdale-Port Orchard, WA",Margin of Error,170,"1,987","1,970"
"Bridgeport-Stamford-Norwalk, CT",Estimate,"380,797","357,412","23,385"
"Bridgeport-Stamford-Norwalk, CT",Margin of Error,"1,900","3,314","3,059"
"Brownsville-Harlingen, TX",Estimate,"159,560","137,982","21,578"
"Brownsville-Harlingen, TX",Margin of Error,42,"2,500","2,506"
"Brunswick, GA",Estimate,"58,381","47,874","10,507"
"Brunswick, GA",Margin of Error,"1,612","1,719","1,707"
"Buffalo-Cheektowaga, NY",Estimate,"541,766","505,423","36,343"
"Buffalo-Cheektowaga, NY",Margin of Error,393,"3,540","3,512"
"Burlington, NC",Estimate,"77,336","70,125","7,211"
"Burlington, NC",Margin of Error,128,"1,556","1,576"
"Burlington-South Burlington, VT",Estimate,"103,501","97,271","6,230"
"Burlington-South Burlington, VT",Margin of Error,539,"1,306","1,239"
"California-Lexington Park, MD",Estimate,"46,481","44,392","2,089"
"California-Lexington Park, MD",Margin of Error,53,970,972
"Canton-Massillon, OH",Estimate,"181,395","166,456","14,939"
"Canton-Massillon, OH",Margin of Error,105,"2,309","2,302"
"Cape Coral-Fort Myers, FL",Estimate,"442,078","339,269","102,809"
"Cape Coral-Fort Myers, FL",Margin of Error,151,"6,414","6,414"
"Cape Girardeau, MO-IL",Estimate,"43,706","38,568","5,138"
"Cape Girardeau, MO-IL",Margin of Error,"1,000","1,384","1,231"
"Carbondale-Marion, IL",Estimate,"65,310","56,716","8,594"
"Carbondale-Marion, IL",Margin of Error,423,"1,661","1,640"
"Carson City, NV",Estimate,"25,202","23,205","1,997"
"Carson City, NV",Margin of Error,85,842,823
"Casper, WY",Estimate,"37,315","33,474","3,841"
"Casper, WY",Margin of Error,54,"1,591","1,601"
"Cedar Rapids, IA",Estimate,"122,692","113,649","9,043"
"Cedar Rapids, IA",Margin of Error,186,"1,724","1,740"
"Chambersburg-Waynesboro, PA",Estimate,"67,077","64,960","2,117"
"Chambersburg-Waynesboro, PA",Margin of Error,88,843,843
"Champaign-Urbana, IL",Estimate,"102,638","91,682","10,956"
"Champaign-Urbana, IL",Margin of Error,201,"1,640","1,653"
"Charleston, WV",Estimate,"125,975","107,179","18,796"
"Charleston, WV",Margin of Error,"1,652","2,864","2,735"
"Charleston-North Charleston, SC",Estimate,"378,136","338,067","40,069"
"Charleston-North Charleston, SC",Margin of Error,209,"4,088","4,093"
"Charlotte-Concord-Gastonia, NC-SC",Estimate,"1,166,880","1,085,889","80,991"
"Charlotte-Concord-Gastonia, NC-SC",Margin of Error,"1,486","5,509","5,556"
"Charlottesville, VA",Estimate,"99,500","90,108","9,392"
"Charlottesville, VA",Margin of Error,"1,708","1,991","1,835"
"Chattanooga, TN-GA",Estimate,"254,598","231,091","23,507"
"Chattanooga, TN-GA",Margin of Error,"1,324","3,138","3,125"
"Cheyenne, WY",Estimate,"45,553","42,559","2,994"
"Cheyenne, WY",Margin of Error,36,"1,241","1,244"
"Chicago-Naperville-Elgin, IL-IN-WI",Estimate,"3,968,906","3,726,266","242,640"
"Chicago-Naperville-Elgin, IL-IN-WI",Margin of Error,"1,039","9,113","9,268"
"Chico, CA",Estimate,"92,362","82,494","9,868"
"Chico, CA",Margin of Error,77,"1,812","1,826"
"Cincinnati, OH-KY-IN",Estimate,"972,817","916,246","56,571"
"Cincinnati, OH-KY-IN",Margin of Error,"1,619","5,503","5,501"
"Clarksville, TN-KY",Estimate,"137,995","127,103","10,892"
"Clarksville, TN-KY",Margin of Error,"1,116","2,035","1,794"
"Cleveland, TN",Estimate,"54,293","49,379","4,914"
"Cleveland, TN",Margin of Error,943,"1,618","1,484"
"Cleveland-Elyria, OH",Estimate,"972,047","891,430","80,617"
"Cleveland-Elyria, OH",Margin of Error,629,"4,832","4,787"
"Coeur d'Alene, ID",Estimate,"80,683","71,309","9,374"
"Coeur d'Alene, ID",Margin of Error,117,"1,921","1,910"
"College Station-Bryan, TX",Estimate,"120,169","109,360","10,809"
"College Station-Bryan, TX",Margin of Error,"1,562","2,253","1,980"
"Colorado Springs, CO",Estimate,"318,557","306,162","12,395"
"Colorado Springs, CO",Margin of Error,"1,009","2,148","1,931"
"Columbia, MO",Estimate,"93,969","87,953","6,016"
"Columbia, MO",Margin of Error,849,"1,805","1,649"
"Columbia, SC",Estimate,"376,753","339,602","37,151"
"Columbia, SC",Margin of Error,"1,377","3,747","3,642"
"Columbus, GA-AL",Estimate,"144,899","125,934","18,965"
"Columbus, GA-AL",Margin of Error,"1,331","2,559","2,508"
"Columbus, IN",Estimate,"35,699","34,436","1,263"
"Columbus, IN",Margin of Error,26,750,749
"Columbus, OH",Estimate,"926,137","864,711","61,426"
"Columbus, OH",Margin of Error,368,"4,583","4,500"
"Corpus Christi, TX",Estimate,"185,135","156,365","28,770"
"Corpus Christi, TX",Margin of Error,119,"2,790","2,799"
"Corvallis, OR",Estimate,"40,944","38,831","2,113"
"Corvallis, OR",Margin of Error,53,796,811
"Crestview-Fort Walton Beach-Destin, FL",Estimate,"164,572","123,619","40,953"
"Crestview-Fort Walton Beach-Destin, FL",Margin of Error,110,"3,627","3,677"
"Cumberland, MD-WV",Estimate,"45,262","36,953","8,309"
"Cumberland, MD-WV",Margin of Error,103,"1,666","1,657"
"Dallas-Fort Worth-Arlington, TX",Estimate,"3,096,485","2,908,436","188,049"
"Dallas-Fort Worth-Arlington, TX",Margin of Error,670,"8,784","8,979"
"Dalton, GA",Estimate,"56,174","51,845","4,329"
"Dalton, GA",Margin of Error,45,"1,250","1,264"
"Danville, IL",Estimate,"34,300","30,967","3,333"
"Danville, IL",Margin of Error,72,943,943
"Daphne-Fairhope-Foley, AL",Estimate,"132,299","98,854","33,445"
"Daphne-Fairhope-Foley, AL",Margin of Error,185,"3,781","3,873"
"Davenport-Moline-Rock Island, IA-IL",Estimate,"174,698","163,066","11,632"
"Davenport-Moline-Rock Island, IA-IL",Margin of Error,495,"1,891","1,940"
"Dayton-Kettering, OH",Estimate,"372,503","348,034","24,469"
"Dayton-Kettering, OH",Margin of Error,793,"2,949","2,787"
"Decatur, AL",Estimate,"69,252","62,616","6,636"
"Decatur, AL",Margin of Error,90,"1,678","1,698"
"Decatur, IL",Estimate,"49,623","43,718","5,905"
"Decatur, IL",Margin of Error,75,"1,383","1,396"
"Deltona-Daytona Beach-Ormond Beach, FL",Estimate,"342,998","296,235","46,763"
"Deltona-Daytona Beach-Ormond Beach, FL",Margin of Error,96,"4,020","4,042"
"Denver-Aurora-Lakewood, CO",Estimate,"1,291,034","1,223,825","67,209"
"Denver-Aurora-Lakewood, CO",Margin of Error,"1,658","5,542","5,696"
"Des Moines-West Des Moines, IA",Estimate,"315,087","297,060","18,027"
"Des Moines-West Des Moines, IA",Margin of Error,350,"2,734","2,758"
"Detroit-Warren-Dearborn, MI",Estimate,"1,916,090","1,762,104","153,986"
"Detroit-Warren-Dearborn, MI",Margin of Error,843,"6,310","6,567"
"Dothan, AL",Estimate,"72,065","60,106","11,959"
"Dothan, AL",Margin of Error,48,"1,595","1,601"
"Dover, DE",Estimate,"76,896","73,497","3,399"
"Dover, DE",Margin of Error,36,"1,096","1,099"
"Dubuque, IA",Estimate,"43,470","40,644","2,826"
"Dubuque, IA",Margin of Error,89,792,783
"Duluth, MN-WI",Estimate,"151,002","126,137","24,865"
"Duluth, MN-WI",Margin of Error,719,"1,765","1,745"
"Durham-Chapel Hill, NC",Estimate,"294,590","273,170","21,420"
"Durham-Chapel Hill, NC",Margin of Error,"1,077","3,520","3,214"
"East Stroudsburg, PA",Estimate,"79,663","58,034","21,629"
"East Stroudsburg, PA",Margin of Error,68,"2,309","2,300"
"Eau Claire, WI",Estimate,"75,873","72,293","3,580"
"Eau Claire, WI",Margin of Error,192,888,895
"El Centro, CA",Estimate,"57,654","50,877","6,777"
"El Centro, CA",Margin of Error,156,"1,590","1,596"
"Elizabethtown-Fort Knox, KY",Estimate,"67,816","62,918","4,898"
"Elizabethtown-Fort Knox, KY",Margin of Error,"1,524","1,944","1,255"
"Elkhart-Goshen, IN",Estimate,"80,537","74,362","6,175"
"Elkhart-Goshen, IN",Margin of Error,38,"1,417","1,426"
"Elmira, NY",Estimate,"39,311","34,319","4,992"
"Elmira, NY",Margin of Error,42,"1,300","1,297"
"El Paso, TX",Estimate,"325,181","301,489","23,692"
"El Paso, TX",Margin of Error,531,"3,292","3,363"
"Enid, OK",Estimate,"27,802","23,054","4,748"
"Enid, OK",Margin of Error,76,"1,199","1,208"
"Erie, PA",Estimate,"120,123","111,286","8,837"
"Erie, PA",Margin of Error,138,"1,673","1,666"
"Eugene-Springfield, OR",Estimate,"170,014","160,316","9,698"
"Eugene-Springfield, OR",Margin of Error,136,"2,002","1,985"
"Evansville, IN-KY",Estimate,"143,580","132,135","11,445"
"Evansville, IN-KY",Margin of Error,750,"1,617","1,920"
"Fairbanks, AK",Estimate,"42,685","37,356","5,329"
"Fairbanks, AK",Margin of Error,109,"1,259","1,244"
"Fargo, ND-MN",Estimate,"116,595","110,171","6,424"
"Fargo, ND-MN",Margin of Error,130,"1,937","1,958"
"Farmington, NM",Estimate,"48,191","41,542","6,649"
"Farmington, NM",Margin of Error,56,"1,333","1,340"
"Fayetteville, NC",Estimate,"219,551","202,349","17,202"
"Fayetteville, NC",Margin of Error,168,"2,000","2,016"
"Fayetteville-Springdale-Rogers, AR",Estimate,"235,519","216,921","18,598"
"Fayetteville-Springdale-Rogers, AR",Margin of Error,967,"3,272","3,142"
"Flagstaff, AZ",Estimate,"70,560","53,988","16,572"
"Flagstaff, AZ",Margin of Error,154,"2,026","1,994"
"Flint, MI",Estimate,"183,950","167,950","16,000"
"Flint, MI",Margin of Error,112,"2,366","2,353"
"Florence, SC",Estimate,"91,892","79,506","12,386"
"Florence, SC",Margin of Error,40,"2,258","2,258"
"Florence-Muscle Shoals, AL",Estimate,"73,041","64,312","8,729"
"Florence-Muscle Shoals, AL",Margin of Error,119,"1,734","1,760"
"Fond du Lac, WI",Estimate,"46,061","43,958","2,103"
"Fond du Lac, WI",Margin of Error,108,657,653
"Fort Collins, CO",Estimate,"164,525","154,391","10,134"
"Fort Collins, CO",Margin of Error,165,"1,840","1,844"
"Fort Smith, AR-OK",Estimate,"109,717","99,401","10,316"
"Fort Smith, AR-OK",Margin of Error,987,"2,229","2,114"
"Fort Wayne, IN",Estimate,"181,049","169,643","11,406"
"Fort Wayne, IN",Margin of Error,89,"2,511","2,537"
"Fresno, CA",Estimate,"345,476","326,981","18,495"
"Fresno, CA",Margin of Error,284,"2,390","2,350"
"Gadsden, AL",Estimate,"47,642","39,956","7,686"
"Gadsden, AL",Margin of Error,46,"1,533","1,531"
"Gainesville, FL",Estimate,"157,828","143,046","14,782"
"Gainesville, FL",Margin of Error,"1,187","2,355","2,302"
"Gainesville, GA",Estimate,"81,270","74,331","6,939"
"Gainesville, GA",Margin of Error,64,"1,630","1,627"
"Gettysburg, PA",Estimate,"43,653","40,676","2,977"
"Gettysburg, PA",Margin of Error,93,931,919
"Glens Falls, NY",Estimate,"69,596","54,954","14,642"
"Glens Falls, NY",Margin of Error,134,"1,855","1,858"
"Goldsboro, NC",Estimate,"53,515","47,283","6,232"
"Goldsboro, NC",Margin of Error,86,"1,636","1,638"
"Grand Forks, ND-MN",Estimate,"48,714","42,754","5,960"
"Grand Forks, ND-MN",Margin of Error,90,"1,315","1,321"
"Grand Island, NE",Estimate,"32,092","30,423","1,669"
"Grand Island, NE",Margin of Error,31,668,668
"Grand Junction, CO",Estimate,"69,987","66,134","3,853"
"Grand Junction, CO",Margin of Error,65,"1,407","1,429"
"Grand Rapids-Kentwood, MI",Estimate,"439,405","415,694","23,711"
"Grand Rapids-Kentwood, MI",Margin of Error,210,"2,943","2,946"
"Grants Pass, OR",Estimate,"39,550","36,633","2,917"
"Grants Pass, OR",Margin of Error,44,903,893
"Great Falls, MT",Estimate,"39,386","35,343","4,043"
"Great Falls, MT",Margin of Error,59,"1,038","1,036"
"Greeley, CO",Estimate,"128,978","123,825","5,153"
"Greeley, CO",Margin of Error,80,"1,434","1,450"
"Green Bay, WI",Estimate,"148,677","136,782","11,895"
"Green Bay, WI",Margin of Error,106,"1,727","1,712"
"Greensboro-High Point, NC",Estimate,"344,564","318,752","25,812"
"Greensboro-High Point, NC",Margin of Error,465,"3,294","3,218"
"Greenville, NC",Estimate,"82,676","74,938","7,738"
"Greenville, NC",Margin of Error,98,"1,827","1,797"
"Greenville-Anderson, SC",Estimate,"422,729","387,161","35,568"
"Greenville-Anderson, SC",Margin of Error,136,"3,897","3,923"
"Guayama, PR",Estimate,"33,824","28,791","5,033"
"Guayama, PR",Margin of Error,"1,774","1,692","1,166"
"Gulfport-Biloxi, MS",Estimate,"190,648","170,440","20,208"
"Gulfport-Biloxi, MS",Margin of Error,"1,090","2,784","2,515"
"Hagerstown-Martinsburg, MD-WV",Estimate,"127,292","118,011","9,281"
"Hagerstown-Martinsburg, MD-WV",Margin of Error,"1,065","1,909","1,793"
"Hammond, LA",Estimate,"60,207","51,689","8,518"
"Hammond, LA",Margin of Error,75,"2,129","2,122"
"Hanford-Corcoran, CA",Estimate,"47,255","43,646","3,609"
"Hanford-Corcoran, CA",Margin of Error,116,"1,078","1,086"
"Harrisburg-Carlisle, PA",Estimate,"258,677","247,424","11,253"
"Harrisburg-Carlisle, PA",Margin of Error,181,"2,154","2,139"
"Harrisonburg, VA",Estimate,"55,195","50,885","4,310"
"Harrisonburg, VA",Margin of Error,80,"1,405","1,406"
"Hartford-East Hartford-Middletown, CT",Estimate,"527,857","494,046","33,811"
"Hartford-East Hartford-Middletown, CT",Margin of Error,"2,197","4,099","3,536"
"Hattiesburg, MS",Estimate,"75,425","66,557","8,868"
"Hattiesburg, MS",Margin of Error,"1,322","1,938","1,662"
"Hickory-Lenoir-Morganton, NC",Estimate,"166,731","151,501","15,230"
"Hickory-Lenoir-Morganton, NC",Margin of Error,137,"2,314","2,318"
"Hilton Head Island-Bluffton, SC",Estimate,"117,493","93,078","24,415"
"Hilton Head Island-Bluffton, SC",Margin of Error,913,"2,686","2,544"
"Hinesville, GA",Estimate,"34,051","29,850","4,201"
"Hinesville, GA",Margin of Error,958,"1,419","1,203"
"Homosassa Springs, FL",Estimate,"84,835","71,493","13,342"
"Homosassa Springs, FL",Margin of Error,48,"2,543","2,551"
"Hot Springs, AR",Estimate,"52,898","45,340","7,558"
"Hot Springs, AR",Margin of Error,32,"1,740","1,744"
"Houma-Thibodaux, LA",Estimate,"89,642","78,534","11,108"
"Houma-Thibodaux, LA",Margin of Error,77,"1,696","1,710"
"Houston-The Woodlands-Sugar Land, TX",Estimate,"2,890,739","2,682,645","208,094"
"Houston-The Woodlands-Sugar Land, TX",Margin of Error,904,"10,104","10,017"
"Huntington-Ashland, WV-KY-OH",Estimate,"165,153","147,441","17,712"
"Huntington-Ashland, WV-KY-OH",Margin of Error,"1,193","2,415","2,080"
"Huntsville, AL",Estimate,"223,641","206,490","17,151"
"Huntsville, AL",Margin of Error,256,"2,366","2,390"
"Idaho Falls, ID",Estimate,"59,594","54,935","4,659"
"Idaho Falls, ID",Margin of Error,394,"1,434","1,361"
"Indianapolis-Carmel-Anderson, IN",Estimate,"917,777","852,384","65,393"
"Indianapolis-Carmel-Anderson, IN",Margin of Error,"1,039","6,049","5,999"
"Iowa City, IA",Estimate,"77,840","72,536","5,304"
"Iowa City, IA",Margin of Error,200,"1,526","1,551"
"Ithaca, NY",Estimate,"47,994","42,108","5,886"
"Ithaca, NY",Margin of Error,161,"1,505","1,505"
"Jackson, MI",Estimate,"69,345","63,368","5,977"
"Jackson, MI",Margin of Error,260,"1,404","1,445"
"Jackson, MS",Estimate,"260,162","224,102","36,060"
"Jackson, MS",Margin of Error,"1,565","3,918","3,839"
"Jackson, TN",Estimate,"80,188","70,592","9,596"
"Jackson, TN",Margin of Error,74,"1,795","1,800"
"Jacksonville, FL",Estimate,"732,172","672,026","60,146"
"Jacksonville, FL",Margin of Error,"1,095","5,026","4,945"
"Jacksonville, NC",Estimate,"87,536","75,898","11,638"
"Jacksonville, NC",Margin of Error,81,"1,918","1,942"
"Janesville-Beloit, WI",Estimate,"71,289","67,422","3,867"
"Janesville-Beloit, WI",Margin of Error,55,"1,296","1,295"
"Jefferson City, MO",Estimate,"64,104","57,464","6,640"
"Jefferson City, MO",Margin of Error,"1,053","1,696","1,388"
"Johnson City, TN",Estimate,"98,574","88,924","9,650"
"Johnson City, TN",Margin of Error,990,"2,399","2,102"
"Johnstown, PA",Estimate,"64,475","55,225","9,250"
"Johnstown, PA",Margin of Error,110,"1,559","1,555"
"Jonesboro, AR",Estimate,"59,391","53,427","5,964"
"Jonesboro, AR",Margin of Error,35,"1,603","1,610"
"Joplin, MO",Estimate,"79,306","70,960","8,346"
"Joplin, MO",Margin of Error,73,"1,870","1,874"
"Kahului-Wailuku-Lahaina, HI",Estimate,"72,941","57,355","15,586"
"Kahului-Wailuku-Lahaina, HI",Margin of Error,273,"1,557","1,472"
"Kalamazoo-Portage, MI",Estimate,"114,832","108,397","6,435"
"Kalamazoo-Portage, MI",Margin of Error,91,"1,606","1,600"
"Kankakee, IL",Estimate,"45,420","40,585","4,835"
"Kankakee, IL",Margin of Error,70,"1,141","1,139"
"Kansas City, MO-KS",Estimate,"960,180","897,185","62,995"
"Kansas City, MO-KS",Margin of Error,698,"4,505","4,337"
"Kennewick-Richland, WA",Estimate,"114,326","108,521","5,805"
"Kennewick-Richland, WA",Margin of Error,272,"1,654","1,582"
"Killeen-Temple, TX",Estimate,"195,482","179,677","15,805"
"Killeen-Temple, TX",Margin of Error,"1,031","2,525","2,328"
"Kingsport-Bristol, TN-VA",Estimate,"149,105","132,965","16,140"
"Kingsport-Bristol, TN-VA",Margin of Error,"1,083","2,891","2,624"
"Kingston, NY",Estimate,"86,478","75,187","11,291"
"Kingston, NY",Margin of Error,228,"1,857","1,873"
"Knoxville, TN",Estimate,"405,587","369,673","35,914"
"Knoxville, TN",Margin of Error,"1,382","2,967","3,060"
"Kokomo, IN",Estimate,"39,912","35,752","4,160"
"Kokomo, IN",Margin of Error,24,"1,239","1,240"
"La Crosse-Onalaska, WI-MN",Estimate,"62,536","59,350","3,186"
"La Crosse-Onalaska, WI-MN",Margin of Error,41,"1,133","1,129"
"Lafayette, LA",Estimate,"219,168","194,293","24,875"
"Lafayette, LA",Margin of Error,129,"3,023","3,032"
"Lafayette-West Lafayette, IN",Estimate,"97,472","91,610","5,862"
"Lafayette-West Lafayette, IN",Margin of Error,"1,153","1,835","1,566"
"Lake Charles, LA",Estimate,"97,847","79,885","17,962"
"Lake Charles, LA",Margin of Error,720,"2,769","2,661"
"Lake Havasu City-Kingman, AZ",Estimate,"120,849","99,512","21,337"
"Lake Havasu City-Kingman, AZ",Margin of Error,132,"2,531","2,533"
"Lakeland-Winter Haven, FL",Estimate,"340,780","291,994","48,786"
"Lakeland-Winter Haven, FL",Margin of Error,234,"4,524","4,565"
"Lancaster, PA",Estimate,"218,987","212,016","6,971"
"Lancaster, PA",Margin of Error,89,"1,604","1,593"
"Lansing-East Lansing, MI",Estimate,"237,692","223,066","14,626"
"Lansing-East Lansing, MI",Margin of Error,374,"2,205","2,177"
"Laredo, TX",Estimate,"88,388","82,519","5,869"
"Laredo, TX",Margin of Error,154,"1,196","1,192"
"Las Cruces, NM",Estimate,"92,715","85,746","6,969"
"Las Cruces, NM",Margin of Error,77,"1,517","1,510"
"Las Vegas-Henderson-Paradise, NV",Estimate,"950,927","857,362","93,565"
"Las Vegas-Henderson-Paradise, NV",Margin of Error,179,"5,981","6,006"
"Lawrence, KS",Estimate,"53,770","50,248","3,522"
"Lawrence, KS",Margin of Error,105,"1,345","1,319"
"Lawton, OK",Estimate,"55,333","47,959","7,374"
"Lawton, OK",Margin of Error,533,886,934
"Lebanon, PA",Estimate,"60,033","55,245","4,788"
"Lebanon, PA",Margin of Error,226,"1,531","1,545"
"Lewiston, ID-WA",Estimate,"29,505","28,080","1,425"
"Lewiston, ID-WA",Margin of Error,913,"1,017",687
"Lewiston-Auburn, ME",Estimate,"50,369","46,233","4,136"
"Lewiston-Auburn, ME",Margin of Error,72,"1,368","1,366"
"Lexington-Fayette, KY",Estimate,"231,268","216,988","14,280"
"Lexington-Fayette, KY",Margin of Error,134,"2,646","2,624"
"Lima, OH",Estimate,"44,870","41,028","3,842"
"Lima, OH",Margin of Error,64,"1,038","1,071"
"Lincoln, NE",Estimate,"146,949","138,815","8,134"
"Lincoln, NE",Margin of Error,684,"1,774","1,690"
"Little Rock-North Little Rock-Conway, AR",Estimate,"344,771","313,550","31,221"
"Little Rock-North Little Rock-Conway, AR",Margin of Error,"1,021","3,938","3,917"
"Logan, UT-ID",Estimate,"52,272","50,421","1,851"
"Logan, UT-ID",Margin of Error,470,963,897
"Longview, TX",Estimate,"122,546","109,049","13,497"
"Longview, TX",Margin of Error,172,"1,962","1,973"
"Longview, WA",Estimate,"46,195","44,049","2,146"
"Longview, WA",Margin of Error,39,805,807
"Los Angeles-Long Beach-Anaheim, CA",Estimate,"4,788,314","4,500,951","287,363"
"Los Angeles-Long Beach-Anaheim, CA",Margin of Error,968,"10,543","10,611"
"Louisville/Jefferson County, KY-IN",Estimate,"569,973","535,884","34,089"
"Louisville/Jefferson County, KY-IN",Margin of Error,"1,144","3,799","3,573"
"Lubbock, TX",Estimate,"145,068","132,085","12,983"
"Lubbock, TX",Margin of Error,902,"2,109","1,993"
"Lynchburg, VA",Estimate,"118,295","102,617","15,678"
"Lynchburg, VA",Margin of Error,"1,042","2,674","2,441"
"Macon-Bibb County, GA",Estimate,"104,811","91,458","13,353"
"Macon-Bibb County, GA",Margin of Error,"1,173","2,447","2,348"
"Madera, CA",Estimate,"51,034","45,539","5,495"
"Madera, CA",Margin of Error,91,"1,460","1,475"
"Madison, WI",Estimate,"314,888","303,340","11,548"
"Madison, WI",Margin of Error,654,"1,923","1,871"
"Manchester-Nashua, NH",Estimate,"177,902","167,816","10,086"
"Manchester-Nashua, NH",Margin of Error,189,"2,074","2,037"
"Manhattan, KS",Estimate,"56,967","51,590","5,377"
"Manhattan, KS",Margin of Error,137,"1,331","1,359"
"Mankato, MN",Estimate,"43,421","41,242","2,179"
"Mankato, MN",Margin of Error,83,675,663
"Mansfield, OH",Estimate,"54,663","50,248","4,415"
"Mansfield, OH",Margin of Error,46,"1,192","1,199"
"Mayagüez, PR",Estimate,"52,012","38,332","13,680"
"Mayagüez, PR",Margin of Error,"1,431","1,741","1,555"
"McAllen-Edinburg-Mission, TX",Estimate,"308,396","270,891","37,505"
"McAllen-Edinburg-Mission, TX",Margin of Error,110,"3,257","3,279"
"Medford, OR",Estimate,"97,779","92,554","5,225"
"Medford, OR",Margin of Error,325,"1,719","1,681"
"Memphis, TN-MS-AR",Estimate,"574,616","518,924","55,692"
"Memphis, TN-MS-AR",Margin of Error,837,"4,036","4,051"
"Merced, CA",Estimate,"90,308","87,830","2,478"
"Merced, CA",Margin of Error,95,940,935
"Miami-Fort Lauderdale-Pompano Beach, FL",Estimate,"2,683,497","2,344,046","339,451"
"Miami-Fort Lauderdale-Pompano Beach, FL",Margin of Error,707,"11,034","11,180"
"Michigan City-La Porte, IN",Estimate,"49,929","43,213","6,716"
"Michigan City-La Porte, IN",Margin of Error,85,"1,485","1,481"
"Midland, MI",Estimate,"37,137","35,325","1,812"
"Midland, MI",Margin of Error,27,744,745
"Midland, TX",Estimate,"74,895","71,062","3,833"
"Midland, TX",Margin of Error,621,"1,545","1,561"
"Milwaukee-Waukesha, WI",Estimate,"697,624","654,547","43,077"
"Milwaukee-Waukesha, WI",Margin of Error,231,"4,077","4,054"
"Minneapolis-St. Paul-Bloomington, MN-WI",Estimate,"1,553,533","1,483,453","70,080"
"Minneapolis-St. Paul-Bloomington, MN-WI",Margin of Error,619,"5,444","5,455"
"Missoula, MT",Estimate,"57,264","53,358","3,906"
"Missoula, MT",Margin of Error,44,"1,014","1,019"
"Mobile, AL",Estimate,"194,071","168,967","25,104"
"Mobile, AL",Margin of Error,933,"2,913","3,053"
"Modesto, CA",Estimate,"184,680","177,101","7,579"
"Modesto, CA",Margin of Error,81,"1,829","1,843"
"Monroe, LA",Estimate,"93,696","82,655","11,041"
"Monroe, LA",Margin of Error,907,"1,771","1,876"
"Monroe, MI",Estimate,"66,681","62,946","3,735"
"Monroe, MI",Margin of Error,184,"1,272","1,273"
"Montgomery, AL",Estimate,"173,862","152,492","21,370"
"Montgomery, AL",Margin of Error,842,"2,773","2,630"
"Morgantown, WV",Estimate,"65,186","57,354","7,832"
"Morgantown, WV",Margin of Error,194,"1,761","1,734"
"Morristown, TN",Estimate,"65,621","59,553","6,068"
"Morristown, TN",Margin of Error,961,"1,547","1,529"
"Mount Vernon-Anacortes, WA",Estimate,"57,132","50,818","6,314"
"Mount Vernon-Anacortes, WA",Margin of Error,52,"1,187","1,191"
"Muncie, IN",Estimate,"51,632","47,478","4,154"
"Muncie, IN",Margin of Error,189,"1,334","1,327"
"Muskegon, MI",Estimate,"75,189","67,255","7,934"
"Muskegon, MI",Margin of Error,390,"1,466","1,560"
"Myrtle Beach-Conway-North Myrtle Beach, SC-NC",Estimate,"315,439","231,614","83,825"
"Myrtle Beach-Conway-North Myrtle Beach, SC-NC",Margin of Error,119,"4,487","4,504"
"Napa, CA",Estimate,"56,502","51,025","5,477"
"Napa, CA",Margin of Error,486,"1,521","1,432"
"Naples-Marco Island, FL",Estimate,"240,252","166,206","74,046"
"Naples-Marco Island, FL",Margin of Error,68,"5,167","5,186"
"Nashville-Davidson--Murfreesboro--Franklin, TN",Estimate,"889,476","831,347","58,129"
"Nashville-Davidson--Murfreesboro--Franklin, TN",Margin of Error,807,"5,522","5,507"
"New Bern, NC",Estimate,"59,954","51,749","8,205"
"New Bern, NC",Margin of Error,"1,209","1,950","1,535"
"New Haven-Milford, CT",Estimate,"370,031","345,632","24,399"
"New Haven-Milford, CT",Margin of Error,"2,681","4,131","3,709"
"New Orleans-Metairie, LA",Estimate,"580,426","499,885","80,541"
"New Orleans-Metairie, LA",Margin of Error,822,"4,092","3,942"
"New York-Newark-Jersey City, NY-NJ-PA",Estimate,"8,074,003","7,478,571","595,432"
"New York-Newark-Jersey City, NY-NJ-PA",Margin of Error,"1,485","16,701","16,814"
"Niles, MI",Estimate,"77,318","63,311","14,007"
"Niles, MI",Margin of Error,55,"1,670","1,682"
"North Port-Sarasota-Bradenton, FL",Estimate,"486,805","391,897","94,908"
"North Port-Sarasota-Bradenton, FL",Margin of Error,148,"5,369","5,396"
"Norwich-New London, CT",Estimate,"124,183","112,629","11,554"
"Norwich-New London, CT",Margin of Error,"1,553","2,449","2,219"
"Ocala, FL",Estimate,"187,971","163,513","24,458"
"Ocala, FL",Margin of Error,73,"3,539","3,543"
"Ocean City, NJ",Estimate,"99,408","48,563","50,845"
"Ocean City, NJ",Margin of Error,517,"2,222","2,489"
"Odessa, TX",Estimate,"69,260","63,738","5,522"
"Odessa, TX",Margin of Error,73,"1,536","1,543"
"Ogden-Clearfield, UT",Estimate,"248,254","235,531","12,723"
"Ogden-Clearfield, UT",Margin of Error,735,"2,479","2,439"
"Oklahoma City, OK",Estimate,"623,201","569,766","53,435"
"Oklahoma City, OK",Margin of Error,253,"4,630","4,635"
"Olympia-Lacey-Tumwater, WA",Estimate,"125,156","118,571","6,585"
"Olympia-Lacey-Tumwater, WA",Margin of Error,95,"1,965","1,983"
"Omaha-Council Bluffs, NE-IA",Estimate,"412,830","392,615","20,215"
"Omaha-Council Bluffs, NE-IA",Margin of Error,540,"2,318","2,334"
"Orlando-Kissimmee-Sanford, FL",Estimate,"1,146,572","1,054,342","92,230"
"Orlando-Kissimmee-Sanford, FL",Margin of Error,475,"6,758","6,661"
"Oshkosh-Neenah, WI",Estimate,"77,392","72,135","5,257"
"Oshkosh-Neenah, WI",Margin of Error,52,"1,313","1,320"
"Owensboro, KY",Estimate,"52,347","47,897","4,450"
"Owensboro, KY",Margin of Error,991,"1,549","1,258"
"Oxnard-Thousand Oaks-Ventura, CA",Estimate,"296,132","278,631","17,501"
"Oxnard-Thousand Oaks-Ventura, CA",Margin of Error,789,"2,515","2,717"
"Palm Bay-Melbourne-Titusville, FL",Estimate,"299,110","255,723","43,387"
"Palm Bay-Melbourne-Titusville, FL",Margin of Error,151,"4,374","4,382"
"Panama City, FL",Estimate,"108,667","79,044","29,623"
"Panama City, FL",Margin of Error,52,"3,270","3,281"
"Parkersburg-Vienna, WV",Estimate,"43,160","39,716","3,444"
"Parkersburg-Vienna, WV",Margin of Error,644,"1,126",950
"Pensacola-Ferry Pass-Brent, FL",Estimate,"229,844","207,329","22,515"
"Pensacola-Ferry Pass-Brent, FL",Margin of Error,416,"3,018","2,960"
"Peoria, IL",Estimate,"183,723","169,299","14,424"
"Peoria, IL",Margin of Error,439,"2,381","2,365"
"Philadelphia-Camden-Wilmington, PA-NJ-DE-MD",Estimate,"2,634,290","2,483,863","150,427"
"Philadelphia-Camden-Wilmington, PA-NJ-DE-MD",Margin of Error,"1,117","7,122","7,197"
"Phoenix-Mesa-Chandler, AZ",Estimate,"2,063,233","1,890,835","172,398"
"Phoenix-Mesa-Chandler, AZ",Margin of Error,493,"9,200","9,255"
"Pine Bluff, AR",Estimate,"38,552","30,449","8,103"
"Pine Bluff, AR",Margin of Error,657,"1,785","1,667"
"Pittsburgh, PA",Estimate,"1,134,144","1,021,314","112,830"
"Pittsburgh, PA",Margin of Error,519,"6,247","6,272"
"Pittsfield, MA",Estimate,"70,149","58,370","11,779"
"Pittsfield, MA",Margin of Error,63,"1,656","1,642"
"Pocatello, ID",Estimate,"39,734","37,564","2,170"
"Pocatello, ID",Margin of Error,755,"1,142",879
"Ponce, PR",Estimate,"103,109","83,805","19,304"
"Ponce, PR",Margin of Error,"1,782","2,356","1,985"
"Portland-South Portland, ME",Estimate,"287,630","242,440","45,190"
"Portland-South Portland, ME",Margin of Error,144,"3,345","3,386"
"Portland-Vancouver-Hillsboro, OR-WA",Estimate,"1,065,476","1,011,708","53,768"
"Portland-Vancouver-Hillsboro, OR-WA",Margin of Error,880,"5,125","5,091"
"Port St. Lucie, FL",Estimate,"243,535","201,086","42,449"
"Port St. Lucie, FL",Margin of Error,91,"4,304","4,315"
"Poughkeepsie-Newburgh-Middletown, NY",Estimate,"273,011","256,785","16,226"
"Poughkeepsie-Newburgh-Middletown, NY",Margin of Error,209,"2,555","2,537"
"Prescott Valley-Prescott, AZ",Estimate,"126,312","110,928","15,384"
"Prescott Valley-Prescott, AZ",Margin of Error,79,"2,223","2,238"
"Providence-Warwick, RI-MA",Estimate,"731,061","679,882","51,179"
"Providence-Warwick, RI-MA",Margin of Error,157,"4,353","4,377"
"Provo-Orem, UT",Estimate,"217,120","208,607","8,513"
"Provo-Orem, UT",Margin of Error,831,"1,864","1,857"
"Pueblo, CO",Estimate,"73,902","67,840","6,062"
"Pueblo, CO",Margin of Error,101,"1,250","1,241"
"Punta Gorda, FL",Estimate,"118,231","90,457","27,774"
"Punta Gorda, FL",Margin of Error,89,"3,906","3,924"
"Racine, WI",Estimate,"84,771","78,571","6,200"
"Racine, WI",Margin of Error,76,"1,725","1,740"
"Raleigh-Cary, NC",Estimate,"616,756","559,173","57,583"
"Raleigh-Cary, NC",Margin of Error,278,"5,605","5,643"
"Rapid City, SD",Estimate,"64,570","59,768","4,802"
"Rapid City, SD",Margin of Error,899,"1,676","1,417"
"Reading, PA",Estimate,"171,717","162,183","9,534"
"Reading, PA",Margin of Error,131,"1,895","1,905"
"Redding, CA",Estimate,"80,113","71,213","8,900"
"Redding, CA",Margin of Error,184,"2,016","2,042"
"Reno, NV",Estimate,"220,286","200,436","19,850"
"Reno, NV",Margin of Error,715,"3,049","2,919"
"Richmond, VA",Estimate,"570,484","538,478","32,006"
"Richmond, VA",Margin of Error,"2,604","3,916","3,560"
"Riverside-San Bernardino-Ontario, CA",Estimate,"1,610,097","1,443,666","166,431"
"Riverside-San Bernardino-Ontario, CA",Margin of Error,390,"6,784","6,777"
"Roanoke, VA",Estimate,"149,055","133,108","15,947"
"Roanoke, VA",Margin of Error,"1,075","2,640","2,749"
"Rochester, MN",Estimate,"99,383","95,252","4,131"
"Rochester, MN",Margin of Error,221,862,795
"Rochester, NY",Estimate,"493,397","456,391","37,006"
"Rochester, NY",Margin of Error,338,"3,797","3,886"
"Rockford, IL",Estimate,"145,273","134,011","11,262"
"Rockford, IL",Margin of Error,61,"2,323","2,339"
"Rocky Mount, NC",Estimate,"67,200","58,696","8,504"
"Rocky Mount, NC",Margin of Error,53,"1,815","1,808"
"Rome, GA",Estimate,"40,908","38,087","2,821"
"Rome, GA",Margin of Error,85,901,894
"Sacramento-Roseville-Folsom, CA",Estimate,"955,796","884,646","71,150"
"Sacramento-Roseville-Folsom, CA",Margin of Error,419,"4,571","4,707"
"Saginaw, MI",Estimate,"86,252","79,275","6,977"
"Saginaw, MI",Margin of Error,122,"1,475","1,477"
"St. Cloud, MN",Estimate,"84,227","78,630","5,597"
"St. Cloud, MN",Margin of Error,114,"1,087","1,089"
"St. George, UT",Estimate,"82,612","71,891","10,721"
"St. George, UT",Margin of Error,51,"2,011","2,003"
"St. Joseph, MO-KS",Estimate,"53,703","47,125","6,578"
"St. Joseph, MO-KS",Margin of Error,558,"1,245","1,173"
"St. Louis, MO-IL",Estimate,"1,272,892","1,168,546","104,346"
"St. Louis, MO-IL",Margin of Error,"1,185","6,790","6,526"
"Salem, OR",Estimate,"167,019","161,384","5,635"
"Salem, OR",Margin of Error,264,"1,483","1,483"
"Salinas, CA",Estimate,"145,232","132,411","12,821"
"Salinas, CA",Margin of Error,205,"1,743","1,754"
"Salisbury, MD-DE",Estimate,"264,066","179,028","85,038"
"Salisbury, MD-DE",Margin of Error,945,"3,370","3,457"
"Salt Lake City, UT",Estimate,"476,147","448,172","27,975"
"Salt Lake City, UT",Margin of Error,409,"3,386","3,413"
"San Angelo, TX",Estimate,"53,934","48,115","5,819"
"San Angelo, TX",Margin of Error,462,"1,561","1,541"
"San Antonio-New Braunfels, TX",Estimate,"1,057,291","972,848","84,443"
"San Antonio-New Braunfels, TX",Margin of Error,"1,173","6,099","6,059"
"San Diego-Chula Vista-Carlsbad, CA",Estimate,"1,247,279","1,172,343","74,936"
"San Diego-Chula Vista-Carlsbad, CA",Margin of Error,"1,020","5,008","5,044"
"San Francisco-Oakland-Berkeley, CA",Estimate,"1,877,839","1,739,127","138,712"
"San Francisco-Oakland-Berkeley, CA",Margin of Error,588,"7,953","8,018"
"San Germán, PR",Estimate,"67,406","47,510","19,896"
"San Germán, PR",Margin of Error,"1,692","2,622","2,144"
"San Jose-Sunnyvale-Santa Clara, CA",Estimate,"718,463","677,087","41,376"
"San Jose-Sunnyvale-Santa Clara, CA",Margin of Error,555,"4,110","4,155"
"San Juan-Bayamón-Caguas, PR",Estimate,"1,011,966","833,941","178,025"
"San Juan-Bayamón-Caguas, PR",Margin of Error,"5,389","7,157","6,185"
"San Luis Obispo-Paso Robles, CA",Estimate,"125,857","111,713","14,144"
"San Luis Obispo-Paso Robles, CA",Margin of Error,147,"2,284","2,289"
"Santa Cruz-Watsonville, CA",Estimate,"107,121","96,015","11,106"
"Santa Cruz-Watsonville, CA",Margin of Error,216,"2,038","2,004"
"Santa Fe, NM",Estimate,"78,688","72,302","6,386"
"Santa Fe, NM",Margin of Error,248,"1,409","1,390"
"Santa Maria-Santa Barbara, CA",Estimate,"160,910","150,851","10,059"
"Santa Maria-Santa Barbara, CA",Margin of Error,324,"1,781","1,680"
"Santa Rosa-Petaluma, CA",Estimate,"208,444","194,698","13,746"
"Santa Rosa-Petaluma, CA",Margin of Error,181,"2,077","2,079"
"Savannah, GA",Estimate,"182,418","163,204","19,214"
"Savannah, GA",Margin of Error,"1,094","2,805","2,391"
"Scranton--Wilkes-Barre, PA",Estimate,"264,372","235,346","29,026"
"Scranton--Wilkes-Barre, PA",Margin of Error,159,"3,104","3,122"
"Seattle-Tacoma-Bellevue, WA",Estimate,"1,709,710","1,611,580","98,130"
"Seattle-Tacoma-Bellevue, WA",Margin of Error,926,"7,587","7,713"
"Sebastian-Vero Beach, FL",Estimate,"86,507","72,199","14,308"
"Sebastian-Vero Beach, FL",Margin of Error,44,"2,603","2,606"
"Sebring-Avon Park, FL",Estimate,"58,591","47,706","10,885"
"Sebring-Avon Park, FL",Margin of Error,40,"1,598","1,603"
"Sheboygan, WI",Estimate,"52,796","50,534","2,262"
"Sheboygan, WI",Margin of Error,161,809,807
"Sherman-Denison, TX",Estimate,"61,105","54,309","6,796"
"Sherman-Denison, TX",Margin of Error,90,"1,346","1,356"
"Shreveport-Bossier City, LA",Estimate,"182,231","157,155","25,076"
"Shreveport-Bossier City, LA",Margin of Error,163,"3,207","3,203"
"Sierra Vista-Douglas, AZ",Estimate,"59,769","49,981","9,788"
"Sierra Vista-Douglas, AZ",Margin of Error,113,"1,743","1,728"
"Sioux City, IA-NE-SD",Estimate,"61,797","58,633","3,164"
"Sioux City, IA-NE-SD",Margin of Error,842,"1,099","1,002"
"Sioux Falls, SD",Estimate,"123,811","119,013","4,798"
"Sioux Falls, SD",Margin of Error,297,"1,274","1,224"
"South Bend-Mishawaka, IN-MI",Estimate,"144,190","127,381","16,809"
"South Bend-Mishawaka, IN-MI",Margin of Error,138,"2,042","2,054"
"Spartanburg, SC",Estimate,"144,735","133,018","11,717"
"Spartanburg, SC",Margin of Error,73,"2,554","2,544"
"Spokane-Spokane Valley, WA",Estimate,"254,250","240,227","14,023"
"Spokane-Spokane Valley, WA",Margin of Error,165,"2,383","2,373"
"Springfield, IL",Estimate,"98,518","86,964","11,554"
"Springfield, IL",Margin of Error,598,"2,181","2,128"
"Springfield, MA",Estimate,"298,951","277,761","21,190"
"Springfield, MA",Margin of Error,361,"2,927","2,967"
"Springfield, MO",Estimate,"212,378","199,835","12,543"
"Springfield, MO",Margin of Error,885,"2,283","2,169"
"Springfield, OH",Estimate,"61,154","56,033","5,121"
"Springfield, OH",Margin of Error,51,"1,274","1,277"
"State College, PA",Estimate,"66,483","60,457","6,026"
"State College, PA",Margin of Error,191,"1,506","1,492"
"Staunton, VA",Estimate,"54,532","50,966","3,566"
"Staunton, VA",Margin of Error,"1,274","1,697","1,065"
"Stockton, CA",Estimate,"259,492","241,903","17,589"
"Stockton, CA",Margin of Error,189,"2,784","2,758"
"Sumter, SC",Estimate,"63,708","53,824","9,884"
"Sumter, SC",Margin of Error,141,"1,930","1,932"
"Syracuse, NY",Estimate,"297,686","275,997","21,689"
"Syracuse, NY",Margin of Error,523,"2,223","2,253"
"Tallahassee, FL",Estimate,"178,552","156,383","22,169"
"Tallahassee, FL",Margin of Error,"1,509","2,511","2,421"
"Tampa-St. Petersburg-Clearwater, FL",Estimate,"1,512,833","1,329,075","183,758"
"Tampa-St. Petersburg-Clearwater, FL",Margin of Error,670,"7,238","7,218"
"Terre Haute, IN",Estimate,"81,934","73,268","8,666"
"Terre Haute, IN",Margin of Error,"1,235","1,930","1,741"
"Texarkana, TX-AR",Estimate,"65,654","55,624","10,030"
"Texarkana, TX-AR",Margin of Error,826,"1,693","1,765"
"The Villages, FL",Estimate,"84,239","71,378","12,861"
"The Villages, FL",Margin of Error,189,"2,887","2,871"
"Toledo, OH",Estimate,"305,392","277,534","27,858"
"Toledo, OH",Margin of Error,187,"2,377","2,399"
"Topeka, KS",Estimate,"105,441","98,367","7,074"
"Topeka, KS",Margin of Error,155,"1,347","1,345"
"Trenton-Princeton, NJ",Estimate,"150,703","144,989","5,714"
"Trenton-Princeton, NJ",Margin of Error,179,"1,647","1,633"
"Tucson, AZ",Estimate,"479,654","436,469","43,185"
"Tucson, AZ",Margin of Error,320,"4,503","4,543"
"Tulsa, OK",Estimate,"446,963","408,399","38,564"
"Tulsa, OK",Margin of Error,545,"2,002","1,940"
"Tuscaloosa, AL",Estimate,"125,576","106,516","19,060"
"Tuscaloosa, AL",Margin of Error,"1,417","2,479","2,540"
"Twin Falls, ID",Estimate,"45,294","43,679","1,615"
"Twin Falls, ID",Margin of Error,777,"1,204",739
"Tyler, TX",Estimate,"99,791","80,889","18,902"
"Tyler, TX",Margin of Error,51,"2,840","2,839"
"Urban Honolulu, HI",Estimate,"373,863","338,438","35,425"
"Urban Honolulu, HI",Margin of Error,304,"3,086","3,077"
"Utica-Rome, NY",Estimate,"138,026","123,639","14,387"
"Utica-Rome, NY",Margin of Error,339,"1,858","1,884"
"Valdosta, GA",Estimate,"66,209","57,838","8,371"
"Valdosta, GA",Margin of Error,"1,025","1,624","1,542"
"Vallejo, CA",Estimate,"164,666","159,294","5,372"
"Vallejo, CA",Margin of Error,102,"1,469","1,481"
"Victoria, TX",Estimate,"43,472","37,469","6,003"
"Victoria, TX",Margin of Error,"1,027","1,610","1,687"
"Vineland-Bridgeton, NJ",Estimate,"57,254","54,961","2,293"
"Vineland-Bridgeton, NJ",Margin of Error,784,"1,430",911
"Virginia Beach-Norfolk-Newport News, VA-NC",Estimate,"773,190","716,273","56,917"
"Virginia Beach-Norfolk-Newport News, VA-NC",Margin of Error,"2,592","4,850","4,609"
"Visalia, CA",Estimate,"154,181","143,129","11,052"
"Visalia, CA",Margin of Error,183,"2,031","2,045"
"Waco, TX",Estimate,"115,627","100,777","14,850"
"Waco, TX",Margin of Error,967,"2,461","2,471"
"Walla Walla, WA",Estimate,"25,418","23,389","2,029"
"Walla Walla, WA",Margin of Error,105,902,907
"Warner Robins, GA",Estimate,"83,467","74,524","8,943"
"Warner Robins, GA",Margin of Error,924,"2,244","2,141"
"Washington-Arlington-Alexandria, DC-VA-MD-WV",Estimate,"2,549,665","2,422,671","126,994"
"Washington-Arlington-Alexandria, DC-VA-MD-WV",Margin of Error,"1,691","7,768","7,452"
"Waterloo-Cedar Falls, IA",Estimate,"74,998","69,878","5,120"
"Waterloo-Cedar Falls, IA",Margin of Error,110,"1,240","1,237"
"Watertown-Fort Drum, NY",Estimate,"61,850","46,815","15,035"
"Watertown-Fort Drum, NY",Margin of Error,158,"1,562","1,575"
"Wausau-Weston, WI",Estimate,"77,002","69,387","7,615"
"Wausau-Weston, WI",Margin of Error,134,"1,388","1,446"
"Weirton-Steubenville, WV-OH",Estimate,"56,202","49,583","6,619"
"Weirton-Steubenville, WV-OH",Margin of Error,"1,035","1,680","1,474"
"Wenatchee, WA",Estimate,"56,810","48,514","8,296"
"Wenatchee, WA",Margin of Error,46,"1,763","1,773"
"Wheeling, WV-OH",Estimate,"67,418","56,516","10,902"
"Wheeling, WV-OH",Margin of Error,56,"1,945","1,950"
"Wichita, KS",Estimate,"279,789","252,826","26,963"
"Wichita, KS",Margin of Error,281,"2,683","2,659"
"Wichita Falls, TX",Estimate,"64,871","57,968","6,903"
"Wichita Falls, TX",Margin of Error,301,"1,463","1,400"
"Williamsport, PA",Estimate,"52,684","46,774","5,910"
"Williamsport, PA",Margin of Error,96,"1,258","1,286"
"Wilmington, NC",Estimate,"151,928","130,017","21,911"
"Wilmington, NC",Margin of Error,155,"2,863","2,863"
"Winchester, VA-WV",Estimate,"60,574","55,012","5,562"
"Winchester, VA-WV",Margin of Error,"1,686","1,777","1,471"
"Winston-Salem, NC",Estimate,"309,986","278,269","31,717"
"Winston-Salem, NC",Margin of Error,931,"3,432","3,828"
"Worcester, MA-CT",Estimate,"405,342","385,088","20,254"
"Worcester, MA-CT",Margin of Error,"1,127","2,907","2,870"
"Yakima, WA",Estimate,"92,463","87,616","4,847"
"Yakima, WA",Margin of Error,108,"1,310","1,318"
"Yauco, PR",Estimate,"40,988","32,081","8,907"
"Yauco, PR",Margin of Error,"1,321","1,416","1,035"
"York-Hanover, PA",Estimate,"189,812","184,019","5,793"
"York-Hanover, PA",Margin of Error,133,"1,390","1,382"
"Youngstown-Warren-Boardman, OH-PA",Estimate,"253,409","229,685","23,724"
"Youngstown-Warren-Boardman, OH-PA",Margin of Error,171,"2,673","2,662"
"Yuba City, CA",Estimate,"65,577","63,162","2,415"
"Yuba City, CA",Margin of Error,60,886,885
"Yuma, AZ",Estimate,"95,448","80,857","14,591"
"Yuma, AZ",Margin of Error,136,"2,056","2,083"
